{
    "51132-fix": [
        0.7762324810028076,
        0.9405777454376221,
        0.8952651023864746,
        0.8954076766967773,
        0.8823351860046387
    ],
    "28843-vul": [
        77.6996419429779,
        77.67954897880554,
        77.51088380813599,
        79.34845852851868,
        85.35377287864685
    ],
    "33649-vul": [
        76.98657035827637,
        77.18863892555237,
        77.07388138771057,
        77.03279304504395,
        76.83757853507996
    ],
    "52775-vul": [
        76.76154637336731,
        77.2634699344635,
        77.5641086101532,
        77.48516249656677,
        77.02259659767151
    ],
    "25331-fix": [
        0.8241853713989258,
        1.0649139881134033,
        1.0851380825042725,
        1.1627819538116455,
        1.1624391078948975
    ],
    "51720-vul": [
        76.27098059654236,
        77.10163617134094,
        76.57277607917786,
        76.51627278327942,
        77.09132313728333
    ],
    "30395-fix": [
        0.7252938747406006,
        0.9282593727111816,
        0.9356992244720459,
        0.95088791847229,
        0.9277093410491943
    ],
    "21176-vul": [
        76.40070128440857,
        76.35554814338684,
        76.35247945785522,
        76.63328123092651,
        76.50328803062439
    ],
    "10929-fix": [
        0.7338671684265137,
        0.9355766773223877,
        0.9353716373443604,
        0.9265851974487305,
        1.0659987926483154
    ],
    "61691-fix": [
        0.6573467254638672,
        0.7402052879333496,
        0.7836811542510986,
        0.7614848613739014,
        0.7955365180969238
    ],
    "3960-vul": [
        76.2479362487793,
        76.31827759742737,
        76.54067587852478,
        76.37405014038086,
        76.69896650314331
    ],
    "33311-vul": [
        101.15781235694885,
        101.38117361068726,
        101.40752243995667,
        101.36007905006409,
        101.55451226234436
    ],
    "23033-vul": [
        77.29937434196472,
        77.74604916572571,
        77.08963203430176,
        77.30968928337097,
        77.36392307281494
    ],
    "50957-vul": [
        76.77467346191406,
        76.97480869293213,
        76.33392667770386,
        76.92598962783813,
        76.38420224189758
    ],
    "35718-vul": [
        77.14003396034241,
        77.68839931488037,
        77.74285554885864,
        77.71965312957764,
        77.69704270362854
    ],
    "43300-vul": [
        76.76833319664001,
        77.56997632980347,
        77.42690014839172,
        77.45992732048035,
        78.13932037353516
    ],
    "32142-vul": [
        78.1278817653656,
        78.38665843009949,
        79.40335416793823,
        79.5212733745575,
        78.3996307849884
    ],
    "23991-fix": [
        0.8136587142944336,
        1.1414709091186523,
        1.0690922737121582,
        1.0714807510375977,
        1.1171245574951172
    ],
    "42907-fix": [
        2.4917614459991455,
        2.6190643310546875,
        2.6450657844543457,
        2.6420328617095947,
        2.6784136295318604
    ],
    "11945-vul": [
        208.58916878700256,
        76.32031011581421,
        76.32355618476868,
        76.27879762649536,
        76.59664130210876
    ],
    "65135-vul": [
        77.00871562957764,
        77.55746459960938,
        77.4369626045227,
        77.41974091529846,
        77.16051387786865
    ],
    "19146-vul": [
        76.38335013389587,
        78.01235389709473,
        76.67169070243835,
        77.01526927947998,
        76.9339165687561
    ],
    "35887-fix": [
        15.086232900619507,
        15.084226846694946,
        15.131644010543823,
        15.114521265029907,
        15.082396507263184
    ],
    "15707-vul": [
        186.05848813056946,
        76.56981945037842,
        76.64161801338196,
        76.58039569854736,
        76.66053533554077
    ],
    "51275-fix": [
        1.0081305503845215,
        1.1545343399047852,
        1.1472818851470947,
        1.177250862121582,
        1.1751525402069092
    ],
    "6780-vul": [
        77.11668348312378,
        77.10076951980591,
        77.2061882019043,
        76.88040733337402,
        76.89637517929077
    ],
    "10147-vul": [
        76.6129937171936,
        77.35956716537476,
        76.82497715950012,
        76.9396276473999,
        77.15347170829773
    ],
    "7502-fix": [
        0.7050197124481201,
        0.8209333419799805,
        0.8410031795501709,
        0.7848491668701172,
        0.8253169059753418
    ],
    "15952-fix": [
        0.7751681804656982,
        0.9065203666687012,
        0.8878741264343262,
        0.898766040802002,
        0.9213488101959229
    ],
    "53613-fix": [
        0.5955018997192383,
        0.7583060264587402,
        0.7155401706695557,
        0.7253735065460205,
        0.7489686012268066
    ],
    "56008-fix": [
        0.5959744453430176,
        0.7157232761383057,
        0.6811985969543457,
        0.707791805267334,
        0.6701231002807617
    ],
    "38076-fix": [
        0.6798632144927979,
        0.8501896858215332,
        0.8232085704803467,
        0.8281333446502686,
        0.813767671585083
    ],
    "28191-fix": [
        20.084614276885986,
        15.138635635375977,
        126.87665700912476,
        1.299300193786621,
        1.417396068572998
    ],
    "44210-fix": [
        1.5424528121948242,
        1.698683738708496,
        1.6256730556488037,
        1.7519440650939941,
        1.7856550216674805
    ],
    "62601-vul": [
        15.092975854873657,
        15.074577331542969,
        15.09403944015503,
        15.108843088150024,
        15.110769033432007
    ],
    "43545-fix": [
        0.7029438018798828,
        0.8382720947265625,
        0.8537745475769043,
        0.8504505157470703,
        0.8593146800994873
    ],
    "22242-vul": [
        15.05048656463623,
        15.045234203338623,
        15.050771474838257,
        15.103281736373901,
        15.050312757492065
    ],
    "28133-vul": [
        15.045072793960571,
        161.53266048431396,
        77.58007454872131,
        77.55456566810608,
        77.39173316955566
    ],
    "65740-vul": [
        4.2488694190979,
        4.622076511383057,
        4.483509540557861,
        4.715353965759277,
        4.459892272949219
    ],
    "17335-vul": [
        76.23687767982483,
        76.26605343818665,
        76.86781620979309,
        76.31437420845032,
        76.72429084777832
    ],
    "1924-vul": [
        76.33805656433105,
        76.76748943328857,
        77.6556556224823,
        76.37224626541138,
        77.353102684021
    ],
    "64565-vul": [
        76.50461459159851,
        76.34860324859619,
        76.5163722038269,
        76.94057631492615,
        76.66239643096924
    ],
    "26738-fix": [
        0.8829178810119629,
        1.2148659229278564,
        1.288834571838379,
        1.1979870796203613,
        1.2461011409759521
    ],
    "3285-fix": [
        0.5825397968292236,
        0.6462054252624512,
        0.6309487819671631,
        0.6588363647460938,
        0.6529445648193359
    ],
    "8198-vul": [
        83.04794812202454,
        83.34225416183472,
        83.01474738121033,
        83.2454674243927,
        84.00908970832825
    ],
    "18990-vul": [
        76.87125444412231,
        76.88506698608398,
        76.81155347824097,
        76.43333554267883,
        76.9547553062439
    ],
    "59543-vul": [
        0.6964762210845947,
        0.8589401245117188,
        76.8549439907074,
        76.76522636413574,
        0.7620096206665039
    ],
    "29849-fix": [
        1.0149505138397217,
        1.3525574207305908,
        1.4306163787841797,
        1.4551782608032227,
        1.4504179954528809
    ],
    "20842-vul": [
        15.079519748687744,
        15.048208951950073,
        15.066202402114868,
        308.8401963710785,
        76.80484700202942
    ],